{
    "groups": {
        "class_embed": {
            "gradient_l2": 0.495688336032134,
            "parameters": 514,
            "parameters_with_grad": 514
        },
        "dual_grounding": {
            "gradient_l2": 0.9112720064487358,
            "parameters": 4354306,
            "parameters_with_grad": 4354306
        },
        "hierarchical_counter": {
            "gradient_l2": 13.902459764287933,
            "parameters": 792842,
            "parameters_with_grad": 792842
        },
        "input_txt_proj": {
            "gradient_l2": 2.181753711770519,
            "parameters": 198656,
            "parameters_with_grad": 198656
        },
        "input_vid_proj": {
            "gradient_l2": 4.38091384459055,
            "parameters": 793604,
            "parameters_with_grad": 793604
        },
        "quality_embed": {
            "gradient_l2": 1.3927190503350284,
            "parameters": 131841,
            "parameters_with_grad": 131841
        },
        "query_embed": {
            "gradient_l2": 0.017966355871777768,
            "parameters": 2560,
            "parameters_with_grad": 2560
        },
        "span_embed": {
            "gradient_l2": 6.145209646637274,
            "parameters": 132098,
            "parameters_with_grad": 132098
        },
        "transformer.decoder": {
            "gradient_l2": 2.1566841869472095,
            "parameters": 2107392,
            "parameters_with_grad": 2107392
        },
        "transformer.encoder": {
            "gradient_l2": 1.6837222648789878,
            "parameters": 1579520,
            "parameters_with_grad": 1579520
        }
    },
    "variant": "md_hiea2m"
}