{
  "positive": {
    "num_examples": 2,
    "num_positive": 2,
    "losses": {
      "loss_span": 0.17385368049144745,
      "loss_giou": 1.0607682466506958,
      "loss_label": 0.1477191150188446,
      "class_error": 33.333335876464844,
      "loss_quality": 0.6931471228599548,
      "loss_dual_dqa": 0.1811041533946991,
      "loss_dual_eos": 1.7403565645217896,
      "loss_exist": 0.5479699373245239,
      "loss_count": 1.6476504802703857,
      "loss_count_ordinal": 0.622769296169281,
      "loss_count_contrastive": 0.0,
      "loss_count_consistency": 1.6070383787155151,
      "loss_overall": 6.698083877563477
    },
    "finite": true
  },
  "mixed": {
    "num_examples": 4,
    "num_positive": 3,
    "losses": {
      "loss_span": 0.1399831771850586,
      "loss_giou": 1.0358479022979736,
      "loss_label": 0.14269913733005524,
      "class_error": 20.0,
      "loss_quality": 0.6918550729751587,
      "loss_dual_dqa": 0.18053960800170898,
      "loss_dual_eos": 3.038059949874878,
      "loss_exist": 0.6037557125091553,
      "loss_count": 0.761950671672821,
      "loss_count_ordinal": 0.6591448783874512,
      "loss_count_contrastive": 0.7386996746063232,
      "loss_count_consistency": 3.6336395740509033,
      "loss_overall": 5.760273456573486
    },
    "finite": true,
    "brief": {
      "AUROC": 66.67,
      "Rej-F1@0.4": 0.0,
      "Acc@0.4": 75.0,
      "Rej-F1@0.6": 40.0,
      "Acc@0.6": 25.0,
      "Rej-F1@0.8": 40.0,
      "Acc@0.8": 25.0,
      "G-mIoU@1": 0.0,
      "G-mIoU@3": 0.0,
      "G-mIoU@5": 0.0,
      "Count-Acc": 50.0,
      "Count-MacroAcc": 33.33,
      "Positive-Count-Acc": 66.67,
      "mAP": 0.0,
      "mR@1": 0.0,
      "mR@3": 0.0,
      "mR@5": 0.0,
      "mR+@1": 0.0,
      "mR+@3": 0.0,
      "mR+@5": 0.0,
      "mIoU@1": 0.0,
      "mIoU@3": 0.0,
      "mIoU@5": 0.0,
      "mIoU+@1": 0.0,
      "mIoU+@3": 0.0,
      "mIoU+@5": 0.0
    }
  },
  "null": {
    "num_examples": 2,
    "num_positive": 0,
    "losses": {
      "loss_span": 0.0,
      "loss_giou": 0.0,
      "loss_label": 0.0840720534324646,
      "class_error": 0.0,
      "loss_quality": 0.6903793811798096,
      "loss_dual_dqa": 0.1805342435836792,
      "loss_dual_eos": 1.480857253074646,
      "loss_exist": 1.0542471408843994,
      "loss_count": 0.0,
      "loss_count_ordinal": 0.0,
      "loss_count_contrastive": 0.0,
      "loss_count_consistency": 0.0,
      "loss_overall": 2.2380270957946777
    },
    "finite": true
  },
  "baseline_positive": {
    "losses": {
      "loss_span": 0.16936905682086945,
      "loss_giou": 0.8483366966247559,
      "loss_label": 0.21298837661743164,
      "class_error": 100.0,
      "loss_overall": 3.3939807415008545
    },
    "has_explicit_existence": false
  },
  "two_stage_noncollapse": {
    "stage1_losses": {
      "loss_span": 0.17445142567157745,
      "loss_giou": 0.9331340193748474,
      "loss_label": 0.1646711826324463,
      "class_error": 0.0,
      "loss_exist": 0.8129006624221802,
      "loss_overall": 4.149233818054199
    },
    "missing_new_keys": [
      "dual_grounding.dummy_tokens",
      "dual_grounding.phrase_eos_token",
      "dual_grounding.sentence_gate_logit",
      "dual_grounding.phrase_gate_logit",
      "dual_grounding.dummy_encoder.layers.0.self_attn.in_proj_weight",
      "dual_grounding.dummy_encoder.layers.0.self_attn.in_proj_bias",
      "dual_grounding.dummy_encoder.layers.0.self_attn.out_proj.weight",
      "dual_grounding.dummy_encoder.layers.0.self_attn.out_proj.bias",
      "dual_grounding.dummy_encoder.layers.0.linear1.weight",
      "dual_grounding.dummy_encoder.layers.0.linear1.bias",
      "dual_grounding.dummy_encoder.layers.0.linear2.weight",
      "dual_grounding.dummy_encoder.layers.0.linear2.bias",
      "dual_grounding.dummy_encoder.layers.0.norm1.weight",
      "dual_grounding.dummy_encoder.layers.0.norm1.bias",
      "dual_grounding.dummy_encoder.layers.0.norm2.weight",
      "dual_grounding.dummy_encoder.layers.0.norm2.bias",
      "dual_grounding.sentence_q.weight",
      "dual_grounding.sentence_q.bias",
      "dual_grounding.sentence_k.weight",
      "dual_grounding.sentence_k.bias",
      "dual_grounding.sentence_v.weight",
      "dual_grounding.sentence_v.bias",
      "dual_grounding.sentence_temporal.layers.0.self_attn.in_proj_weight",
      "dual_grounding.sentence_temporal.layers.0.self_attn.in_proj_bias",
      "dual_grounding.sentence_temporal.layers.0.self_attn.out_proj.weight",
      "dual_grounding.sentence_temporal.layers.0.self_attn.out_proj.bias",
      "dual_grounding.sentence_temporal.layers.0.linear1.weight",
      "dual_grounding.sentence_temporal.layers.0.linear1.bias",
      "dual_grounding.sentence_temporal.layers.0.linear2.weight",
      "dual_grounding.sentence_temporal.layers.0.linear2.bias",
      "dual_grounding.sentence_temporal.layers.0.norm1.weight",
      "dual_grounding.sentence_temporal.layers.0.norm1.bias",
      "dual_grounding.sentence_temporal.layers.0.norm2.weight",
      "dual_grounding.sentence_temporal.layers.0.norm2.bias",
      "dual_grounding.rpg.position.weight",
      "dual_grounding.rpg.guides.0.0.weight",
      "dual_grounding.rpg.guides.0.0.bias",
      "dual_grounding.rpg.guides.0.2.weight",
      "dual_grounding.rpg.guides.0.2.bias",
      "dual_grounding.rpg.guides.1.0.weight",
      "dual_grounding.rpg.guides.1.0.bias",
      "dual_grounding.rpg.guides.1.2.weight",
      "dual_grounding.rpg.guides.1.2.bias",
      "dual_grounding.rpg.guides.2.0.weight",
      "dual_grounding.rpg.guides.2.0.bias",
      "dual_grounding.rpg.guides.2.2.weight",
      "dual_grounding.rpg.guides.2.2.bias",
      "dual_grounding.rpg.query.weight",
      "dual_grounding.rpg.query.bias",
      "dual_grounding.rpg.key.weight",
      "dual_grounding.rpg.key.bias",
      "dual_grounding.rpg.value.weight",
      "dual_grounding.rpg.value.bias",
      "dual_grounding.slot_refine.norm_words.weight",
      "dual_grounding.slot_refine.norm_words.bias",
      "dual_grounding.slot_refine.norm_slots.weight",
      "dual_grounding.slot_refine.norm_slots.bias",
      "dual_grounding.slot_refine.norm_mlp.weight",
      "dual_grounding.slot_refine.norm_mlp.bias",
      "dual_grounding.slot_refine.to_q.weight",
      "dual_grounding.slot_refine.to_k.weight",
      "dual_grounding.slot_refine.to_v.weight",
      "dual_grounding.slot_refine.gru.weight_ih",
      "dual_grounding.slot_refine.gru.weight_hh",
      "dual_grounding.slot_refine.gru.bias_ih",
      "dual_grounding.slot_refine.gru.bias_hh",
      "dual_grounding.slot_refine.mlp.0.weight",
      "dual_grounding.slot_refine.mlp.0.bias",
      "dual_grounding.slot_refine.mlp.2.weight",
      "dual_grounding.slot_refine.mlp.2.bias",
      "dual_grounding.phrase_set_encoder.layers.0.self_attn.in_proj_weight",
      "dual_grounding.phrase_set_encoder.layers.0.self_attn.in_proj_bias",
      "dual_grounding.phrase_set_encoder.layers.0.self_attn.out_proj.weight",
      "dual_grounding.phrase_set_encoder.layers.0.self_attn.out_proj.bias",
      "dual_grounding.phrase_set_encoder.layers.0.linear1.weight",
      "dual_grounding.phrase_set_encoder.layers.0.linear1.bias",
      "dual_grounding.phrase_set_encoder.layers.0.linear2.weight",
      "dual_grounding.phrase_set_encoder.layers.0.linear2.bias",
      "dual_grounding.phrase_set_encoder.layers.0.norm1.weight",
      "dual_grounding.phrase_set_encoder.layers.0.norm1.bias",
      "dual_grounding.phrase_set_encoder.layers.0.norm2.weight",
      "dual_grounding.phrase_set_encoder.layers.0.norm2.bias",
      "dual_grounding.phrase_proj.0.weight",
      "dual_grounding.phrase_proj.0.bias",
      "dual_grounding.video_proj.0.weight",
      "dual_grounding.video_proj.0.bias",
      "dual_grounding.context_proj.0.weight",
      "dual_grounding.context_proj.0.bias",
      "dual_grounding.context_proj.2.weight",
      "dual_grounding.context_proj.2.bias",
      "dual_grounding.phrase_temporal.layers.0.self_attn.in_proj_weight",
