{
    "groups": {
        "class_embed": {
            "gradient_l2": 0.8234429849888932,
            "parameters": 514,
            "parameters_with_grad": 514
        },
        "exist_head": {
            "gradient_l2": 0.13928728329272397,
            "parameters": 66049,
            "parameters_with_grad": 66049
        },
        "input_txt_proj": {
            "gradient_l2": 0.48962524615593755,
            "parameters": 198656,
            "parameters_with_grad": 198656
        },
        "input_vid_proj": {
            "gradient_l2": 2.4450655139077133,
            "parameters": 793604,
            "parameters_with_grad": 793604
        },
        "quality_embed": {
            "gradient_l2": 0.8335899474496103,
            "parameters": 131841,
            "parameters_with_grad": 131841
        },
        "query_embed": {
            "gradient_l2": 0.003673588994211893,
            "parameters": 2560,
            "parameters_with_grad": 2560
        },
        "span_embed": {
            "gradient_l2": 3.2989205339141088,
            "parameters": 132098,
            "parameters_with_grad": 132098
        },
        "transformer.decoder": {
            "gradient_l2": 0.68268372392306,
            "parameters": 2107392,
            "parameters_with_grad": 2107392
        },
        "transformer.encoder": {
            "gradient_l2": 0.45567773774030906,
            "parameters": 1579520,
            "parameters_with_grad": 1579520
        }
    },
    "variant": "md_quality"
}