{
    "groups": {
        "class_embed": {
            "gradient_l2": 3.5108865594160545,
            "parameters": 514,
            "parameters_with_grad": 514
        },
        "exist_head": {
            "gradient_l2": 0.13928728005402644,
            "parameters": 66049,
            "parameters_with_grad": 66049
        },
        "input_txt_proj": {
            "gradient_l2": 0.5846056500041812,
            "parameters": 198656,
            "parameters_with_grad": 198656
        },
        "input_vid_proj": {
            "gradient_l2": 2.755662431259505,
            "parameters": 793604,
            "parameters_with_grad": 793604
        },
        "quality_embed": {
            "gradient_l2": 0.6909393468993446,
            "parameters": 131841,
            "parameters_with_grad": 131841
        },
        "query_embed": {
            "gradient_l2": 0.0046229204853373415,
            "parameters": 2560,
            "parameters_with_grad": 2560
        },
        "span_embed": {
            "gradient_l2": 3.298920506812223,
            "parameters": 132098,
            "parameters_with_grad": 132098
        },
        "transformer.decoder": {
            "gradient_l2": 1.2279883394531708,
            "parameters": 2107392,
            "parameters_with_grad": 2107392
        },
        "transformer.encoder": {
            "gradient_l2": 0.5695509884121486,
            "parameters": 1579520,
            "parameters_with_grad": 1579520
        }
    },
    "variant": "md_quality"
}