{
  "positive": {
    "num_examples": 2,
    "num_positive": 2,
    "losses": {
      "loss_span": 0.17385368049144745,
      "loss_giou": 1.0607682466506958,
      "loss_label": 0.1477191150188446,
      "class_error": 33.333335876464844,
      "loss_quality": 0.6931471228599548,
      "loss_dual_dqa": 0.2199976146221161,
      "loss_dual_eos": 1.6057610511779785,
      "loss_exist": 0.5479699373245239,
      "loss_count": 1.659838080406189,
      "loss_count_ordinal": 0.6331713199615479,
      "loss_count_contrastive": 0.0,
      "loss_count_consistency": 1.6017787456512451,
      "loss_overall": 6.701094627380371
    },
    "finite": true
  },
  "mixed": {
    "num_examples": 4,
    "num_positive": 3,
    "losses": {
      "loss_span": 0.13977597653865814,
      "loss_giou": 1.0357816219329834,
      "loss_label": 0.14267084002494812,
      "class_error": 20.0,
      "loss_quality": 0.6918567419052124,
      "loss_dual_dqa": 0.21999812126159668,
      "loss_dual_eos": 2.862051248550415,
      "loss_exist": 0.6037943959236145,
      "loss_count": 0.7605255246162415,
      "loss_count_ordinal": 0.6585806012153625,
      "loss_count_contrastive": 0.7351547479629517,
      "loss_count_consistency": 3.6166865825653076,
      "loss_overall": 5.73984432220459
    },
    "finite": true,
    "brief": {
      "AUROC": 66.67,
      "Rej-F1@0.4": 0.0,
      "Acc@0.4": 75.0,
      "Rej-F1@0.6": 40.0,
      "Acc@0.6": 25.0,
      "Rej-F1@0.8": 40.0,
      "Acc@0.8": 25.0,
      "G-mIoU@1": 0.0,
      "G-mIoU@3": 0.0,
      "G-mIoU@5": 0.0,
      "Count-Acc": 50.0,
      "Count-MacroAcc": 33.33,
      "Positive-Count-Acc": 66.67,
      "mAP": 0.0,
      "mR@1": 0.0,
      "mR@3": 0.0,
      "mR@5": 0.0,
      "mR+@1": 0.0,
      "mR+@3": 0.0,
      "mR+@5": 0.0,
      "mIoU@1": 0.0,
      "mIoU@3": 0.0,
      "mIoU@5": 0.0,
      "mIoU+@1": 0.0,
      "mIoU+@3": 0.0,
      "mIoU+@5": 0.0
    }
  },
  "null": {
    "num_examples": 2,
    "num_positive": 0,
    "losses": {
      "loss_span": 0.0,
      "loss_giou": 0.0,
      "loss_label": 0.08418120443820953,
      "class_error": 0.0,
      "loss_quality": 0.6903883218765259,
      "loss_dual_dqa": 0.21999791264533997,
      "loss_dual_eos": 1.4180314540863037,
      "loss_exist": 1.051641583442688,
      "loss_count": 0.0,
      "loss_count_ordinal": 0.0,
      "loss_count_contrastive": 0.0,
      "loss_count_consistency": 0.0,
      "loss_overall": 2.231557846069336
    },
    "finite": true
  },
  "baseline_positive": {
    "losses": {
      "loss_span": 0.16936905682086945,
      "loss_giou": 0.8483366966247559,
      "loss_label": 0.21298837661743164,
      "class_error": 100.0,
      "loss_overall": 3.3939807415008545
    },
    "has_explicit_existence": false
  },
  "two_stage_noncollapse": {
    "stage1_losses": {
      "loss_span": 0.17445142567157745,
      "loss_giou": 0.9331340193748474,
      "loss_label": 0.1646711826324463,
      "class_error": 0.0,
      "loss_exist": 0.8129006624221802,
      "loss_overall": 4.149233818054199
    },
    "missing_new_keys": [
      "dual_grounding.dummy_tokens",
      "dual_grounding.phrase_eos_token",
      "dual_grounding.sentence_gate_logit",
      "dual_grounding.phrase_gate_logit",
      "dual_grounding.dummy_encoder.layers.0.self_attn.in_proj_weight",
      "dual_grounding.dummy_encoder.layers.0.self_attn.in_proj_bias",
      "dual_grounding.dummy_encoder.layers.0.self_attn.out_proj.weight",
      "dual_grounding.dummy_encoder.layers.0.self_attn.out_proj.bias",
      "dual_grounding.dummy_encoder.layers.0.linear1.weight",
      "dual_grounding.dummy_encoder.layers.0.linear1.bias",
      "dual_grounding.dummy_encoder.layers.0.linear2.weight",
      "dual_grounding.dummy_encoder.layers.0.linear2.bias",
      "dual_grounding.dummy_encoder.layers.0.norm1.weight",
      "dual_grounding.dummy_encoder.layers.0.norm1.bias",
      "dual_grounding.dummy_encoder.layers.0.norm2.weight",
      "dual_grounding.dummy_encoder.layers.0.norm2.bias",
      "dual_grounding.sentence_q.weight",
      "dual_grounding.sentence_q.bias",
      "dual_grounding.sentence_k.weight",
      "dual_grounding.sentence_k.bias",
      "dual_grounding.sentence_v.weight",
      "dual_grounding.sentence_v.bias",
      "dual_grounding.sentence_temporal.layers.0.self_attn.in_proj_weight",
      "dual_grounding.sentence_temporal.layers.0.self_attn.in_proj_bias",
      "dual_grounding.sentence_temporal.layers.0.self_attn.out_proj.weight",
      "dual_grounding.sentence_temporal.layers.0.self_attn.out_proj.bias",
      "dual_grounding.sentence_temporal.layers.0.linear1.weight",
      "dual_grounding.sentence_temporal.layers.0.linear1.bias",
      "dual_grounding.sentence_temporal.layers.0.linear2.weight",
      "dual_grounding.sentence_temporal.layers.0.linear2.bias",
      "dual_grounding.sentence_temporal.layers.0.norm1.weight",
      "dual_grounding.sentence_temporal.layers.0.norm1.bias",
      "dual_grounding.sentence_temporal.layers.0.norm2.weight",
      "dual_grounding.sentence_temporal.layers.0.norm2.bias",
      "dual_grounding.rpg.position.weight",
      "dual_grounding.rpg.guides.0.0.weight",
      "dual_grounding.rpg.guides.0.0.bias",
      "dual_grounding.rpg.guides.0.2.weight",
      "dual_grounding.rpg.guides.0.2.bias",
      "dual_grounding.rpg.guides.1.0.weight",
      "dual_grounding.rpg.guides.1.0.bias",
      "dual_grounding.rpg.guides.1.2.weight",
      "dual_grounding.rpg.guides.1.2.bias",
      "dual_grounding.rpg.guides.2.0.weight",
      "dual_grounding.rpg.guides.2.0.bias",
      "dual_grounding.rpg.guides.2.2.weight",
      "dual_grounding.rpg.guides.2.2.bias",
      "dual_grounding.rpg.query.weight",
      "dual_grounding.rpg.query.bias",
      "dual_grounding.rpg.key.weight",
      "dual_grounding.rpg.key.bias",
      "dual_grounding.rpg.value.weight",
      "dual_grounding.rpg.value.bias",
      "dual_grounding.slot_refine.norm_words.weight",
      "dual_grounding.slot_refine.norm_words.bias",
      "dual_grounding.slot_refine.norm_slots.weight",
      "dual_grounding.slot_refine.norm_slots.bias",
      "dual_grounding.slot_refine.norm_mlp.weight",
      "dual_grounding.slot_refine.norm_mlp.bias",
      "dual_grounding.slot_refine.to_q.weight",
      "dual_grounding.slot_refine.to_k.weight",
      "dual_grounding.slot_refine.to_v.weight",
      "dual_grounding.slot_refine.gru.weight_ih",
      "dual_grounding.slot_refine.gru.weight_hh",
      "dual_grounding.slot_refine.gru.bias_ih",
      "dual_grounding.slot_refine.gru.bias_hh",
      "dual_grounding.slot_refine.mlp.0.weight",
      "dual_grounding.slot_refine.mlp.0.bias",
      "dual_grounding.slot_refine.mlp.2.weight",
      "dual_grounding.slot_refine.mlp.2.bias",
      "dual_grounding.phrase_set_encoder.layers.0.self_attn.in_proj_weight",
      "dual_grounding.phrase_set_encoder.layers.0.self_attn.in_proj_bias",
      "dual_grounding.phrase_set_encoder.layers.0.self_attn.out_proj.weight",
      "dual_grounding.phrase_set_encoder.layers.0.self_attn.out_proj.bias",
      "dual_grounding.phrase_set_encoder.layers.0.linear1.weight",
      "dual_grounding.phrase_set_encoder.layers.0.linear1.bias",
      "dual_grounding.phrase_set_encoder.layers.0.linear2.weight",
      "dual_grounding.phrase_set_encoder.layers.0.linear2.bias",
      "dual_grounding.phrase_set_encoder.layers.0.norm1.weight",
      "dual_grounding.phrase_set_encoder.layers.0.norm1.bias",
      "dual_grounding.phrase_set_encoder.layers.0.norm2.weight",
      "dual_grounding.phrase_set_encoder.layers.0.norm2.bias",
      "dual_grounding.phrase_proj.0.weight",
      "dual_grounding.phrase_proj.0.bias",
      "dual_grounding.video_proj.0.weight",
      "dual_grounding.video_proj.0.bias",
      "dual_grounding.context_proj.0.weight",
      "dual_grounding.context_proj.0.bias",
      "dual_grounding.context_proj.2.weight",
      "dual_grounding.context_proj.2.bias",
      "dual_grounding.phrase_temporal.layers.0.self_attn.in_proj_weight",
