{
    "groups": {
        "class_embed": {
            "gradient_l2": 7.155661902354592,
            "parameters": 514,
            "parameters_with_grad": 514
        },
        "exist_head": {
            "gradient_l2": 0.5409320681940037,
            "parameters": 66049,
            "parameters_with_grad": 66049
        },
        "input_txt_proj": {
            "gradient_l2": 0.8714933523076016,
            "parameters": 198656,
            "parameters_with_grad": 198656
        },
        "input_vid_proj": {
            "gradient_l2": 15.908005090280579,
            "parameters": 793604,
            "parameters_with_grad": 793604
        },
        "query_embed": {
            "gradient_l2": 0.006620146356941265,
            "parameters": 2560,
            "parameters_with_grad": 2560
        },
        "span_embed": {
            "gradient_l2": 8.53084995917819,
            "parameters": 132098,
            "parameters_with_grad": 132098
        },
        "transformer.decoder": {
            "gradient_l2": 258.2192529679148,
            "parameters": 2107392,
            "parameters_with_grad": 2107392
        },
        "transformer.encoder": {
            "gradient_l2": 6.881859452765141,
            "parameters": 1579520,
            "parameters_with_grad": 1579520
        }
    },
    "variant": "md_gmr_clean"
}