{
    "groups": {
        "class_embed": {
            "gradient_l2": 3.657351433897501,
            "parameters": 514,
            "parameters_with_grad": 514
        },
        "exist_head": {
            "gradient_l2": 0.6784939214436021,
            "parameters": 66049,
            "parameters_with_grad": 66049
        },
        "input_txt_proj": {
            "gradient_l2": 1.9711511998272806,
            "parameters": 198656,
            "parameters_with_grad": 198656
        },
        "input_vid_proj": {
            "gradient_l2": 9.162163109693955,
            "parameters": 793604,
            "parameters_with_grad": 793604
        },
        "query_embed": {
            "gradient_l2": 0.007480484194278959,
            "parameters": 2560,
            "parameters_with_grad": 2560
        },
        "span_embed": {
            "gradient_l2": 8.143695220301923,
            "parameters": 132098,
            "parameters_with_grad": 132098
        },
        "transformer.decoder": {
            "gradient_l2": 203.3550759671297,
            "parameters": 2107392,
            "parameters_with_grad": 2107392
        },
        "transformer.encoder": {
            "gradient_l2": 5.047148317632732,
            "parameters": 1579520,
            "parameters_with_grad": 1579520
        }
    },
    "variant": "md_gmr"
}